customer_id,name,email,industry,spend
101,Hari ,hari@gmail.com,Technology,24000
102,Ram,,Finance,18000
103,Laksh,laksh[at]mail,Retail,22000
104,Dev K.,devk@email.com,Finanse,16000
105, Charu Singh,charu@domain.com,  Technology ,30000
106,Li Frank,lifrank@gmail.com,Healthcare,
107,,nina@gmail.com,Education,28000
108, Shoaib Khan,shoaib@web,healthcare,31000
109,Tara Paul,tara@gmail.com,Hospitality,27000
101,Hari,hari@gmail.com,Technology,24000
